"Customer ID";"Customer Name"
1;"Christina Adams"
2;"William Simpson"
3;"Benjamin Watts"
4;"Joseph Cannon"
5;"Steven Benson"
6;"Wesley Green"
7;"Brady Martin"
8;"Frank Richardson"
9;"Michael Brady"
10;"Robert Williams"
11;"Amy Goodman"
12;"Lisa Allen"
13;"Melissa Pennington"
14;"Charles Allen"
15;"Stacie Mclean"
16;"Troy Ferguson"
17;"Julie Barnes"
18;"Karen Mayo"
19;"Jacob Warren"
20;"Stephanie Parker"
21;"Alicia Briggs"
22;"Gregory Schaefer"
23;"John Brooks"
24;"Amy Green"
25;"Kimberly Garrett"
26;"Allison Ryan"
27;"Nicole Hubbard MD"
28;"Kelly Williams"
29;"Misty Jackson"
30;"Kristina Cook"
31;"Danielle White"
32;"Robert Peters"
33;"Becky Thomas"
34;"Anna Diaz"
35;"Luis Santana"
36;"Angel Herrera"
37;"Gabrielle Jackson"
38;"Rebecca Marshall"
39;"Dr. Robert Rangel"
40;"Kyle Galloway"
41;"Denise Harmon"
42;"Carla Watson"
43;"Brian Martin"
44;"Ian Byrd"
45;"Sarah Jones"
46;"Stephanie Norris"
47;"Laura Obrien"
48;"Tina Park"
49;"Briana Benson"
50;"Dana Garcia"
51;"Jennifer Morgan"
52;"Isaac Morrison"
53;"Shannon Bailey"
54;"Catherine Hernandez"
55;"Jose Patterson"
56;"Catherine Curtis PhD"
57;"Evan Rodriguez"
58;"Heather Berg"
59;"Joshua Robles"
60;"Bryce Schmidt"
61;"Paula Mason"
62;"Maria Robertson"
63;"Michael Merritt"
64;"Harry Taylor"
65;"Cassidy Carpenter"
66;"Katelyn Nunez"
67;"Nicholas Mason"
68;"Travis Humphrey"
69;"Rebecca Perry"
70;"Kevin Payne"
71;"Mary Bush"
72;"Joshua Wilkinson"
73;"Austin Taylor"
74;"Clifford Sutton"
75;"Marie Cherry"
76;"Annette Richards"
77;"Lisa Anderson"
78;"Jonathan Matthews"
79;"Pamela Willis DDS"
80;"Amber Molina"
81;"Amy Chandler"
82;"Theresa Booth"
83;"Robert Ellis"
84;"Rachel Vargas"
85;"Larry Wilson"
86;"Kayla Gonzales"
87;"Derek Stokes"
88;"Philip Smith"
89;"Sarah Ramos"
90;"Jesse Mercer"
91;"Kaitlyn Green"
92;"Christopher Mendez"
93;"Angela Duffy"
94;"Katrina Johnson"
95;"Lindsey Long"
96;"Amanda Williams"
97;"Amanda Henry"
98;"Margaret Cooper"
99;"Karla Love"
100;"Alan Irwin"
101;"Katie Edwards"
102;"Danny Hayes"
103;"Laura Alvarado"
104;"Stacey Smith"
105;"Alexa Smith"
106;"Shawn Wise"
107;"Veronica Clements"
108;"Jason Weaver"
109;"Jonathon Gutierrez"
110;"Joshua Peterson"
111;"Riley Williams"
112;"Ronald Hall"
113;"Michael Malone"
114;"Mrs. Elizabeth Roberson"
115;"Rebecca Smith"
116;"Brianna Hobbs"
117;"Sharon Diaz"
118;"Timothy Boone"
119;"Jeffery Jones"
120;"Samuel Howard"
121;"Michael Nash"
122;"Joseph Stein II"
123;"Michele Burton"
124;"Justin King"
125;"John Rodriguez"
126;"Raven Arellano"
127;"Tanya Taylor"
128;"Leslie Mcbride"
129;"Martin Smith"
130;"Matthew Novak"
131;"Scott Jenkins"
132;"Adrian Bauer"
133;"Michelle Cooper"
134;"Kathryn Lee"
135;"Stacy Dorsey"
136;"Amanda Burke"
137;"Jack Brock"
138;"Thomas Gonzales"
139;"Mary Franklin"
140;"Adrian Mills"
141;"Robert Berry"
142;"Timothy Preston"
143;"Brenda Cruz"
144;"Terri Donaldson"
145;"Savannah Norman"
146;"Amanda Peterson"
147;"Peter Blanchard"
148;"Melissa Bender"
149;"Kirsten Mathis"
150;"Nathan Walls"
151;"Michael Allen"
152;"Amber Johnson"
153;"Sarah Stanley"
154;"Paul Kennedy"
155;"Aaron Barber"
156;"Ashley Valdez"
157;"William Roberts"
158;"Laura Mcneil"
159;"Cheryl Stein"
160;"Mitchell Shields"
161;"Brian Duncan"
162;"Angela Williams"
163;"Melissa George"
164;"Thomas Wood"
165;"Randy Hernandez"
166;"Deborah Deleon"
167;"Daniel Harrell"
168;"Heather Hayes"
169;"Stacy Sanchez"
170;"Jose White"
171;"Megan Singh"
172;"Dennis Washington"
173;"Ross Williams"
174;"Chad Brown"
175;"Judith Bryant"
176;"Antonio Thomas"
177;"Brian Chapman"
178;"Mr. John Walker"
179;"Jim Phillips"
180;"Felicia Stanley"
181;"Brooke Jefferson"
182;"Anthony Thompson"
183;"Raymond Ferrell"
184;"Aaron Carter"
185;"Scott Neal"
186;"Shawn Williams"
187;"Henry Holland"
188;"Mark Vasquez"
189;"Christopher Garcia"
190;"Ronald Cooper"
191;"Kelly Munoz"
192;"Isabella Parker"
193;"Peter Martinez"
194;"Evan Anderson MD"
195;"John Fuentes"
196;"Emma Gomez"
197;"Carl Brown"
198;"James Sims"
199;"Erin Holmes"
200;"Aaron Washington"
201;"Alyssa Ware"
202;"Jordan Moran"
203;"Jennifer Dunn"
204;"Robert Shannon"
205;"Claire Cortez"
206;"Keith Duncan"
207;"Brian Sweeney"
208;"John Lozano"
209;"Sandra Anderson"
210;"Cynthia Long"
211;"Eric Ward"
212;"Melissa Rodriguez"
213;"Joseph Randall"
214;"Danielle Lindsey"
215;"Bryan Mooney"
216;"Kathleen Jones"
217;"April Rivers"
218;"Danielle York"
219;"Jamie Collins"
220;"Valerie Martinez"
221;"William Williams"
222;"Jessica Arnold"
223;"Sarah Sanchez"
224;"Chelsea Smith"
225;"Laura Gutierrez"
226;"Erin Green"
227;"David Bradley"
228;"Wendy Sanchez"
229;"Hunter Mccoy"
230;"Micheal Montes"
231;"Albert Padilla"
232;"Colin Mcdonald"
233;"Vanessa Lewis MD"
234;"Jennifer Gomez"
235;"David Cordova"
236;"Cheryl Solis"
237;"James Lowe"
238;"David Cabrera"
239;"Luke Hernandez"
240;"Andre Norris"
241;"Dr. Michael Strong"
242;"Isaiah Hernandez"
243;"Antonio Hansen"
244;"Travis Werner"
245;"Whitney Patton"
246;"Alicia Houston"
247;"Chad Soto"
248;"Ryan Johnson"
249;"Joseph Burgess"
250;"Natalie Simon"
251;"James Copeland"
252;"James Edwards"
253;"Noah Long"
254;"Emily Peck"
255;"Anna Lopez"
256;"James Hicks"
257;"Rebecca Weber"
258;"Lindsay Jackson"
259;"Andrea Chaney"
260;"Brent Price"
261;"Rebecca Rivas"
262;"Lisa Grant"
263;"Brandi Torres"
264;"Robert Watts"
265;"Stephanie Davis"
266;"Stephanie Parrish"
267;"Tiffany Hill"
268;"Lauren Wilkinson"
269;"Brian Henderson"
270;"Carol Russell"
271;"Shelby Nelson"
272;"Terry Byrd"
273;"Deborah Brown"
274;"Joseph Gray"
275;"Andrea Harper"
276;"Eric Chandler"
277;"Dr. Kyle Wu MD"
278;"Calvin Miller"
279;"Stephanie Miller"
280;"Brian Evans"
281;"Ashley Smith"
282;"Jessica Gonzalez"
283;"William Jensen"
284;"Rachel Murphy"
285;"Jonathan Hernandez"
286;"Eric Johnson"
287;"Mike Davis"
288;"Thomas Wilson"
289;"Sheila Walker"
290;"Zachary Clark"
291;"Ryan Pittman"
292;"David Martin"
293;"Taylor Brown"
294;"Gregory Patterson"
295;"Christopher Lutz"
296;"Kristen Williams"
297;"Dana Hanna"
298;"Michael Garcia"
299;"Joshua Jennings"
300;"Brad Allen"
301;"Tiffany Carter"
302;"Stephen Garza"
303;"Anthony Kramer"
304;"Adam Mills"
305;"Barbara Fisher"
306;"Dr. Pamela Cannon"
307;"Jessica Brock"
308;"Taylor Hernandez"
309;"Kevin Dunn"
310;"Crystal Martinez"
311;"Audrey Harrison"
312;"Lisa Torres"
313;"Erica Kennedy"
314;"Carol Sanchez"
315;"Brian Gomez"
316;"Lauren Jackson"
317;"Jerry Potts"
318;"Isaiah Callahan"
319;"Lisa Faulkner"
320;"Victoria Vaughn"
321;"Christopher Fuller"
322;"Evelyn Obrien"
323;"Brian Bailey"
324;"Megan Huang"
325;"Kimberly Munoz"
326;"David Hartman"
327;"Lawrence Archer"
328;"Charles Hernandez"
329;"Melissa Jones"
330;"Matthew Bowman"
331;"Heather Castillo"
332;"Miss Tara Santos"
333;"Wayne Todd"
334;"Kevin Howell"
335;"Tiffany Williams"
336;"Sean Ferguson"
337;"Katherine Crawford"
338;"Eric Hoffman"
339;"Jennifer Moore"
340;"Jesus Evans"
341;"Edward Olsen"
342;"Jessica Ferrell"
343;"Victoria Morrow"
344;"Yvette Cole"
345;"Kyle Soto"
346;"Elizabeth Porter"
347;"Douglas Jones"
348;"Michelle Weber"
349;"Laura Fisher"
350;"Dr. William Barnett"
351;"Jacob Johnson"
352;"Brian Morgan"
353;"Ronnie Sanchez"
354;"Frank Mcgee"
355;"Allison Wright"
356;"Mrs. Rita Booker"
357;"Jennifer Ware"
358;"Jesse Richards"
359;"Joseph Johnson"
360;"James Gardner"
361;"Rebekah Schwartz"
362;"Curtis Rogers"
363;"Ronnie Barber"
364;"Jeff Jenkins"
365;"Henry Wilson"
366;"Kendra Swanson"
367;"Mia Stark"
368;"Cameron Ingram"
369;"Sheila Jones"
370;"Lauren Hall"
371;"Vanessa Reilly"
372;"Christopher Moyer"
373;"Kayla Wells"
374;"Megan Brewer"
375;"Nicole Salas"
376;"Jonathon Payne"
377;"Timothy Robinson"
378;"Desiree Jordan"
379;"Meagan Dunn"
380;"Dr. Sandra Romero"
381;"Linda Johnson"
382;"Connie Berry"
383;"Joyce Lang"
384;"Alexander Grimes"
385;"Lauren Atkins"
386;"Natasha Tran"
387;"Benjamin Davis"
388;"Rebecca Watson"
389;"Tara Jones DDS"
390;"Stephen Salazar"
391;"Mark Martinez"
392;"Angela White"
393;"Mr. Ryan Bullock"
394;"Emily Hudson"
395;"Barry Garrett"
396;"Eric Torres"
397;"Amy Reed"
398;"Angela Daniels"
399;"Jason Rodriguez"
400;"Christina Chavez"
401;"Jessica Lucas"
402;"Jennifer Pearson"
403;"Joshua Williams"
404;"Alexa Hansen"
405;"Terry Lawrence"
406;"Trevor Garrison"
407;"Cheryl Fuller"
408;"Shelley Carroll"
409;"Dustin Melton"
410;"Jerry Washington"
411;"Christopher Bryant"
412;"David Gray"
413;"Matthew Miller"
414;"Keith Kaiser"
415;"Erin Brown"
416;"Lisa Morris"
417;"Zachary Gray"
418;"Joseph Sandoval"
419;"Desiree Parker"
420;"Megan Wells"
421;"Lori Higgins"
422;"Terry Brooks"
423;"Kathleen Harris"
424;"Jeffrey Clarke"
425;"Brian Hensley"
426;"Natalie Hernandez"
427;"Joseph Martinez"
428;"Aaron Miller"
429;"Andrea Torres"
430;"Judy Chavez"
431;"Stacey Stewart"
432;"Paul Nguyen"
433;"William Rojas"
434;"Amber Clarke"
435;"Tiffany Rowe"
436;"Antonio Mcdaniel MD"
437;"Barbara Schroeder"
438;"Crystal Marsh"
439;"Sarah Wallace"
440;"Robert Richardson"
441;"Eugene Mcdonald"
442;"Daniel Robinson"
443;"Kyle Mason"
444;"Tiffany Snyder"
445;"Christopher Gates"
446;"Deborah Lewis"
447;"Dennis Martin"
448;"Michael Mendoza"
449;"Douglas Harris"
450;"Glen Juarez"
451;"Krista Ramirez"
452;"William Meyer"
453;"Robert Hood"
454;"Travis Garcia"
455;"Patricia Patel"
456;"Bailey Webb"
457;"Andrea Mcclure"
458;"Clinton Lyons"
459;"Joseph Weaver"
460;"Charles King"
461;"Tyler Cervantes"
462;"Ariana Gibson"
463;"Beth Conner"
464;"Kevin Solis"
465;"Kenneth Duncan DDS"
466;"Kayla Smith"
467;"Thomas Glass"
468;"Gloria Smith"
469;"Deborah Jones"
470;"Tracy Jordan"
471;"Paul Bailey"
472;"Dana Kramer"
473;"Ann Miller"
474;"Jessica French"
475;"Colleen Warner"
476;"Melissa Yates"
477;"Janet Patton"
478;"Nicole Johnson"
479;"Holly Chang"
480;"Jennifer Adams"
481;"Paul Nicholson"
482;"Brittney Jones"
483;"Brian Ward"
484;"Kimberly Cunningham"
485;"Joan Hart"
486;"Andre Rodriguez"
487;"Robin Gross"
488;"Jessica Bonilla DVM"
489;"Frank Hendricks"
490;"Ryan Ruiz"
491;"Dr. Brandon Richardson MD"
492;"Shelly Smith"
493;"Leon Taylor"
494;"Jerome Robinson"
495;"Whitney Yates"
496;"Kayla Williams"
497;"Taylor Campbell"
498;"Mrs. Elizabeth Hood"
499;"Jacob Simpson"
500;"Christine White"
501;"Jeffery Holland"
502;"Christie Anderson"
503;"Jose Wilson"
504;"Susan Johnson"
505;"Deborah Kline"
506;"Kyle Richardson"
507;"Jon Mcmahon"
508;"Eric Webb"
509;"Brett Hardy"
510;"Mariah Smith"
511;"Darryl Moran"
512;"Amanda Spencer MD"
513;"Keith Mccormick"
514;"Pamela Harrington"
515;"James Adams"
516;"Amy Smith"
517;"Ashley Bennett"
518;"Benjamin Pierce"
519;"Julie Carroll"
520;"Erica Duran"
521;"Jacqueline Dunlap"
522;"Richard Rios"
523;"Jerry Walker"
524;"Micheal Krause"
525;"Brian Castro"
526;"David Diaz"
527;"Kyle King"
528;"Corey Collins"
529;"Jeffrey Jones"
530;"Timothy Lopez"
531;"Kevin Holloway"
532;"Katherine Hooper"
533;"Christopher Duran"
534;"Maria David"
535;"John Mckee"
536;"Michele Johnson"
537;"Anthony Hughes"
538;"Mark Galvan"
539;"David Wilson"
540;"Michael Stanley"
541;"Patrick Cunningham"
542;"Tiffany Johnson"
543;"Michelle Martin"
544;"Crystal Gutierrez"
545;"Michael Harrison"
546;"Alexander Cooper"
547;"Kelsey Williams"
548;"Michael Williams"
549;"Antonio Hall"
550;"Alexis Bauer MD"
551;"April Nichols"
552;"Colleen Clarke"
553;"Angela Hurst"
554;"Gina Boyd"
555;"Victor Bailey"
556;"Tamara May"
557;"Henry Rowe"
558;"Richard Chaney"
559;"Mr. Robert Fisher"
560;"Danielle Savage"
561;"Brian Callahan"
562;"Dr. Elizabeth Hinton MD"
563;"Stanley Wright"
564;"Daniel Walsh"
565;"Michael Kennedy"
566;"Samuel Mitchell"
567;"Richard Burns"
568;"Dr. Steven Ross DVM"
569;"John Welch"
570;"Elizabeth Hernandez"
571;"Daisy Lewis"
572;"Jennifer Lee"
573;"Megan Watson"
574;"Patrick Morrison"
575;"Kimberly Thomas"
576;"Amy Valdez"
577;"Michael Barnes"
578;"Keith Dixon"
579;"Anthony Johnson"
580;"Jenny Sims"
581;"Cynthia Willis"
582;"Jane Smith"
583;"Angela Carter"
584;"Mrs. Maria Hunt"
585;"Paul Fisher"
586;"Melanie Evans"
587;"Randall Perkins"
588;"Lisa English"
589;"Sherri Hernandez"
590;"Melissa Salas"
591;"Isaac Mathis"
592;"Stacy Young"
593;"Russell Kramer"
594;"Ricky Copeland"
595;"Joseph Suarez"
596;"Bailey Mcpherson"
597;"Nichole Reynolds"
598;"Sandra Lopez"
599;"Clayton Hickman"
600;"Jeremy Gonzalez"
601;"Caroline Rodriguez"
602;"Luis Wilson"
603;"Sarah Benson"
604;"Scott Nelson"
605;"Julie Russell"
606;"Amanda Warren"
607;"John Harrell"
608;"Ashley Rice"
609;"Kari Peterson"
610;"Mary Terry"
611;"Carly Miller"
612;"Bob Meadows"
613;"Stuart Obrien"
614;"Kevin Decker"
615;"Robert Ryan"
616;"Erica Campbell DDS"
617;"Angela Holden"
618;"William Munoz"
619;"Sandra Strong"
620;"Earl Lynch DDS"
621;"Annette Williams"
622;"Luke Roberts"
623;"Nicole Mayer"
624;"Kendra Gibbs"
625;"Heather Juarez"
626;"Nancy Duran"
627;"Donna Lawrence"
628;"Sarah Ashley"
629;"Edward James"
630;"Susan Shea"
631;"Taylor Castillo"
632;"Laura Reyes"
633;"Donald Cooley"
634;"Aaron Wood"
635;"Mariah Bell"
636;"Katherine Bishop"
637;"Kevin Parker"
638;"Jessica Carpenter"
639;"Charles Thompson"
640;"Michael Estes"
641;"Richard Ruiz"
642;"Sheila Vargas"
643;"James Horn"
644;"Karen Mckenzie"
645;"Lauren Miller"
646;"Evan Reid"
647;"Jennifer Luna"
648;"Gregory Hammond"
649;"Mariah Wiggins"
650;"Monica Ingram DDS"
651;"Frances Hoffman"
652;"Mr. Bobby Brown"
653;"Brendan Smith"
654;"Dustin Keller"
655;"Travis Boyd"
656;"Justin Nelson"
657;"Tracey Wood"
658;"Leslie Taylor"
659;"Victor Williams"
660;"Barbara Casey"
661;"Kyle Lopez"
662;"Patricia Diaz"
663;"Shawn Weaver DDS"
664;"Austin Calderon"
665;"Renee Montes"
666;"Jeremy Sullivan"
667;"Heather White"
668;"Garrett Hernandez"
669;"Lisa Ferguson"
670;"Karen Grant"
671;"Lauren Gray"
672;"Tara Lee"
673;"Laura Moran"
674;"Rachel Castillo"
675;"Haley Hart"
676;"Lori Cooper"
677;"Michael Fleming"
678;"Dawn Aguilar"
679;"Jeffrey Trujillo"
680;"Alicia Jackson"
681;"Kathy Bishop"
682;"Natalie Weber"
683;"Lisa Turner"
684;"Toni Young"
685;"Megan Odom"
686;"Raven Green"
687;"Natalie Wiley"
688;"Heather Cox"
689;"Lisa Rodriguez"
690;"Rhonda Bryant"
691;"James Moody"
692;"Kevin Gutierrez"
693;"Sarah Bryant"
694;"Amanda Spencer"
695;"Lisa Kane"
696;"Sheila Hoffman"
697;"Brian Anderson"
698;"Brandon Blair"
699;"Janice Rhodes"
700;"Vincent Harmon"
701;"Kristine Riley"
702;"Charles Hunt"
703;"Anna Cohen"
704;"Sarah Hurley"
705;"Erika Garcia"
706;"Justin Davis"
707;"Alyssa Short"
708;"Elizabeth Campos"
709;"Bruce Hinton"
710;"Robert Love"
711;"Brett Reed"
712;"Nicholas Pacheco"
713;"Catherine Martinez"
714;"Ronald Quinn"
715;"Debbie Jackson"
716;"Chelsey Perez"
717;"Christine Fields"
718;"Jack Torres"
719;"Bonnie Travis"
720;"Joseph Stone"
721;"Andrea Clark"
722;"Virginia Stokes"
723;"Victoria Gallagher"
724;"Steven Powell"
725;"Lauren Espinoza"
726;"Jose Scott"
727;"Sarah Thompson"
728;"Andrew Smith"
729;"Robin Simpson"
730;"Ashley Vasquez"
731;"Michelle Berry"
732;"Kelly Phillips"
733;"Gina Miller"
734;"Diana Jones"
735;"James Allen"
736;"Austin Wells"
737;"Carlos Bridges"
738;"Patrick Brooks"
739;"Monica Osborn"
740;"Theodore White"
741;"Taylor Lee"
742;"Lisa Deleon"
743;"Lee Lewis"
744;"Kaitlyn French"
745;"Allison Sweeney"
746;"Damon Flores"
747;"Sharon Mendoza"
748;"Steven Norris"
749;"Whitney Ferguson"
750;"Anthony Christian"
751;"Lauren Cain"
752;"John Howe"
753;"Donna Mitchell"
754;"Chelsea Hall"
755;"Dustin Martin"
756;"Catherine Mckinney"
757;"Holly Ford"
758;"Tracie Johnson"
759;"Mr. Richard Swanson"
760;"Amanda Odom"
761;"Frank Ware"
762;"Marcus Nguyen"
763;"Samuel Boyd"
764;"Jared Koch"
765;"Katherine Henry"
766;"Stephen Gibson"
767;"Erica Watson"
768;"Aaron Robinson"
769;"Jane Edwards"
770;"Ricky Huffman"
771;"Gerald Robinson"
772;"Gary Nelson"
773;"Stacy White"
774;"Debra Grant"
775;"Chelsea Price"
776;"Nathan Stevens"
777;"Cameron Hernandez"
778;"Mary Walton"
779;"Susan Nichols"
780;"Frank Webster"
781;"Cindy Walker"
782;"Terri Cunningham"
783;"Tim Burns"
784;"Russell Gardner"
785;"Tracey Henderson"
786;"Juan Douglas"
787;"Jasmine Thompson"
788;"Joanna Neal"
789;"Joshua Lopez"
790;"Brent Mitchell"
791;"Vickie Richmond"
792;"Donna Holland"
793;"Stephanie Brown"
794;"Reginald Richardson"
795;"Jordan Liu"
796;"Amber Wright"
797;"Carrie Haas"
798;"Kellie Miller"
799;"Cindy Carr"
800;"Jason Weber"
801;"Danielle Craig"
802;"Amanda Chang"
803;"Christopher Hood"
804;"Katherine Myers"
805;"Sandra Kelly"
806;"Joe Jackson"
807;"Kayla Crawford"
808;"Amanda Perez"
809;"Joshua Preston"
810;"Scott Robbins"
811;"Marisa Smith"
812;"Jamie Bowers"
813;"Joseph Jones"
814;"Brian Hughes"
815;"Dr. Courtney Smith DVM"
816;"Amanda Alvarez"
817;"Corey Burnett"
818;"Nancy Williams"
819;"Peter Smith"
820;"Felicia Shaw"
821;"Karen Schultz"
822;"Alexandra King"
823;"Raymond Webb"
824;"Ashley Blanchard"
825;"Heather Smith"
826;"Vanessa Schultz"
827;"Gina Hill"
828;"Bryan Henderson"
829;"Anna Davis"
830;"Nicholas Peters"
831;"Christine Wood"
832;"Micheal Massey"
833;"Gregory Baldwin"
834;"Alexandra Owens"
835;"Philip Anderson"
836;"Paul Hatfield"
837;"David Hughes"
838;"Diana Wagner"
839;"Linda Pennington"
840;"Beverly Green"
841;"John Cox"
842;"Jessica Smith"
843;"Rachel Simmons"
844;"Kayla Maxwell"
845;"Anthony Leonard"
846;"Julie Ferrell"
847;"Jordan Brown"
848;"Michael Frank"
849;"Angela Lewis"
850;"Katie Williams"
851;"Ronald White"
852;"Johnathan Shepard"
853;"Mary Hernandez"
854;"Willie Cross"
855;"Jessica Davidson"
856;"Samantha King"
857;"Kimberly Gay"
858;"David Todd"
859;"Jason Hayden"
860;"April Green"
861;"Timothy Howard"
862;"Kelly Edwards"
863;"Angela Mcpherson"
864;"Paul Lambert"
865;"Ronald Shaffer"
866;"Daniel Roberts"
867;"Jonathan Lucero"
868;"Jason Hamilton"
869;"Donna Brown"
870;"Elizabeth Davis"
871;"Troy Lamb"
872;"Michael Salazar"
873;"Anthony Curry"
874;"Robert Hinton"
875;"Joshua King PhD"
876;"Paul Blackwell"
877;"Dale Chavez"
878;"Haley Bennett"
879;"Dana Willis"
880;"Vanessa Khan"
881;"Marcus Morris"
882;"Kelly Smith"
883;"Pamela Roberts"
884;"Abigail Ross"
885;"Carol Brady"
886;"Natasha Johnston"
887;"Justin George"
888;"Holly Campbell"
889;"Michelle Simmons"
890;"Lisa Wilson"
891;"Edward Torres"
892;"Kenneth Ross"
893;"Brandy Howard"
894;"Joshua Caldwell"
895;"Ryan Rogers"
896;"Anthony Moreno"
897;"Ana Davidson"
898;"Michelle Williams"
899;"Kendra Rubio"
900;"Phyllis Wilcox"
901;"Carol Hall"
902;"William Sanchez"
903;"Travis Jackson"
904;"Brian Mccall"
905;"Christopher Turner"
906;"Bryan Williams"
907;"Benjamin Jones"
908;"Jeffrey Greer"
909;"Alisha Thomas"
910;"Victor Andrews"
911;"Steven Riddle"
912;"Frank Scott"
913;"Thomas Powers"
914;"Derek Wood"
915;"Monica Trujillo"
916;"David Johnson"
917;"Donna Sanders"
918;"Donald Miller"
919;"Colleen Mendoza"
920;"Jacob Richardson"
921;"Cory Powers"
922;"Courtney Kramer"
923;"Ms. Michelle Cummings DDS"
924;"Kylie Mckenzie"
925;"Kelsey Baker"
926;"Gina Pace"
927;"Sean Smith"
928;"Katelyn Davis"
929;"Samuel Harvey"
930;"Timothy Burnett"
931;"Patricia Jenkins"
932;"Maria Jones"
933;"Krystal Cook"
934;"Seth Hansen"
935;"Jared Richards"
936;"Jonathan Roman"
937;"Thomas Anderson"
938;"Stacie Hatfield"
939;"Amy Bernard"
940;"Sharon Martin"
941;"Lindsey Hall"
942;"Pam Wright"
943;"Monica Vaughn"
944;"Melissa Brown"
945;"Nathan Roberts"
946;"Samuel Blackburn"
947;"Stephanie Williams"
948;"Sydney Nelson"
949;"Sheila Davis"
950;"Andrea Gomez"
951;"Victor Henry"
952;"Tasha Rose"
953;"Michele Alexander"
954;"Samuel Crane"
955;"Jennifer Cowan"
956;"Jessica Hale"
957;"Shane Ware"
958;"Judy Santiago"
959;"Katherine Wagner"
960;"Christopher Anderson"
961;"Jessica Anderson"
962;"Rachel Taylor"
963;"Teresa Torres"
964;"Anthony Mcclain"
965;"Angela Montgomery MD"
966;"Cassie Adams"
967;"Madison Moore"
968;"David Foster"
969;"Tyler Blair"
970;"Hannah Conrad"
971;"Thomas Spencer"
972;"Raymond Baldwin"
973;"Alexander Garcia"
974;"Valerie Davis"
975;"Adrienne Watkins"
976;"Judy Mcclain"
977;"Scott Hobbs"
978;"Gregory Hunt"
979;"Jeanette Hull"
980;"Steven Cobb"
981;"Craig Boyd"
982;"Samuel Bradley"
983;"John Campbell"
984;"Joshua Bishop"
985;"Bryan Richard"
986;"Phillip Gibson"
987;"Kimberly Ramirez"
988;"Chelsea Arellano"
989;"Kayla Ortiz"
990;"Rachel Harris"
991;"Lisa Williams"
992;"Adrian Aguirre"
993;"Joseph Hernandez"
994;"Ashlee Snyder MD"
995;"Nancy Cummings"
996;"Edwin Mack"
997;"William Coleman"
998;"Jeffrey Parrish"
999;"Erik Hurley"
1000;"Brendan Cox"
1001;"Jordan Vasquez"
1002;"Tara Cantu"
1003;"William Russell"
1004;"Denise Ellis"
1005;"Jenny Fisher"
1006;"Heather Perkins"
1007;"Andrew Rice"
1008;"Taylor Simpson"
1009;"Joseph Vasquez"
1010;"Isabella Hale"
1011;"Christopher Ortiz"
1012;"Elizabeth Williams"
1013;"Anna Lewis"
1014;"Emily Friedman"
1015;"Matthew Martinez"
1016;"Tiffany Haley"
1017;"Justin Perry"
1018;"Christine Meyer"
1019;"Jessica Mccarthy"
1020;"Daniel Richardson"
1021;"Mikayla Weeks"
1022;"Terri Baker"
1023;"Juan Cooke"
1024;"Denise Martinez"
1025;"Timothy Graham"
1026;"Daniel Martinez"
1027;"Lisa Fowler"
1028;"Justin Coleman"
1029;"Hannah Brown"
1030;"Craig Robertson"
1031;"Rhonda Guzman"
1032;"Karen Cunningham"
1033;"Charles Fischer"
1034;"Scott Saunders"
1035;"Christine James"
1036;"Robert Matthews"
1037;"Jesus Lopez"
1038;"Susan Hernandez"
1039;"Robert Leach"
1040;"Danny Strickland"
1041;"David Miller"
1042;"Ronnie Williams"
1043;"Amy Hancock"
1044;"Douglas Terrell"
1045;"Anthony Bell"
1046;"Michael Richardson"
1047;"Kelly Baldwin"
1048;"Brenda Navarro"
1049;"Christina Hunter"
1050;"Ralph Ramirez"
1051;"Kayla Meza"
1052;"Robert Brown"
1053;"Karen Velasquez"
1054;"Lindsey Fritz"
1055;"Kristina Williams"
1056;"Elizabeth Todd"
1057;"Carla Valenzuela"
1058;"Laura Jacobs"
1059;"David Davidson"
1060;"Christopher Townsend"
1061;"Diane Castro"
1062;"Candice Young"
1063;"Candace Kaiser"
1064;"Mark Kim"
1065;"Barbara Kim"
1066;"Brett Petty"
1067;"Mrs. Bailey Miller"
1068;"Stephanie Peterson"
1069;"Alison Perez"
1070;"Jamie Wong"
1071;"Dylan Spears"
1072;"Kenneth Morgan"
1073;"Andrew Mcguire"
1074;"Michael Smith"
1075;"Tracy Patton"
1076;"Daniel Ponce"
1077;"Erica Fisher"
1078;"Chris Logan"
1079;"Mr. John Smith"
1080;"Jessica Harper"
1081;"Sierra Jackson"
1082;"Adam Elliott"
1083;"Crystal Brown"
1084;"Amy Davis"
1085;"Emily Schneider"
1086;"Jacob Porter"
1087;"Sean Jacobs"
1088;"Ryan Parker"
1089;"Bruce Wilcox"
1090;"Edward Anthony"
1091;"Kevin Joyce"
1092;"Alan Burton"
1093;"Nicole Edwards"
1094;"Mario Mccullough"
1095;"Steven Greene"
1096;"Lauren Ray"
1097;"Daniel Travis"
1098;"Edward Navarro"
1099;"Carol Pratt"
1100;"Daniel Santana"
1101;"Teresa Nichols"
1102;"Jennifer Williams"
1103;"Donald Cowan"
1104;"John Solis"
1105;"Barry Davis"
1106;"Spencer Wall"
1107;"Jenna Rowe"
1108;"Catherine Lynch"
1109;"Katrina Bentley"
1110;"Kimberly Hinton"
1111;"Samuel Kelly"
1112;"Charles Johnson"
1113;"Jordan Thomas"
1114;"Karen Johnson"
1115;"Travis Murphy"
1116;"Michael Aguilar"
1117;"David Dixon"
1118;"Clayton Shaw"
1119;"Cheryl Scott"
1120;"Elizabeth Franco"
1121;"Sandra Moore"
1122;"David Berg"
1123;"Jerome Williams"
1124;"Lawrence Singh"
1125;"Jennifer Thompson"
1126;"Shelby Potts"
1127;"Allen Jones"
1128;"Amy Morrison"
1129;"Kimberly Cox"
1130;"Dr. Cheryl Warren"
1131;"Melissa Robinson"
1132;"Denise Montoya"
1133;"Brandon Bush"
1134;"Lance Mcneil"
1135;"Christopher Schroeder"
1136;"Jacqueline Hughes"
1137;"Michael Elliott"
1138;"Jessica Harris"
1139;"Casey Clarke"
1140;"William Harvey"
1141;"Katherine Moore"
1142;"Patricia Nelson"
1143;"Michelle Ferguson"
1144;"Susan Berry"
1145;"Pedro Jones"
1146;"Jennifer Lewis"
1147;"Rachel Spence"
1148;"Debra Osborne"
1149;"Roy Campbell"
1150;"Robin Hall"
1151;"Eileen Hunter"
1152;"Dr. Michelle Graham"
1153;"Eric Weber"
1154;"David Green"
1155;"Christopher Brown"
1156;"Tracy Diaz"
1157;"Sheri Thomas"
1158;"Joseph Hunter"
1159;"Sheri Castro"
1160;"Travis White"
1161;"Alex Figueroa"
1162;"Stacey Moss"
1163;"Stacey Moran"
1164;"Megan Smith"
1165;"Bridget Morse"
1166;"Robert Harrison"
1167;"Christopher Wright"
1168;"Blake Garcia"
1169;"Devon Hunt"
1170;"Leslie Williams"
1171;"Tracy Simpson"
1172;"Jessica Johnson"
1173;"Mr. Michael Pittman"
1174;"Mary Lowery"
1175;"Robert Harris"
1176;"Glenn Parker"
1177;"Eric Hunter"
1178;"Bryan Howard"
1179;"Eric Pena"
1180;"Samantha Carrillo"
1181;"Cynthia Ward"
1182;"Timothy Fleming"
1183;"Amy Moore"
1184;"Phillip Gomez"
1185;"Patricia Johnson"
1186;"Chelsea Nunez"
1187;"Willie Stone"
1188;"Kelsey Hopkins"
1189;"Casey Reynolds"
1190;"Frank Sandoval"
1191;"Dennis Baldwin"
1192;"Mary Palmer"
1193;"Nicole Wilkinson"
1194;"Holly Jacobson"
1195;"Steven Vazquez"
1196;"Kristen Spencer"
1197;"Melissa Wyatt"
1198;"Kimberly Johns"
1199;"Kimberly Keller"
1200;"Caitlin Vasquez"
1201;"Arthur Miller"
1202;"Maria Mueller"
1203;"Todd Macias"
1204;"Christina Blair"
1205;"David Peters"
1206;"Angela Greene"
1207;"Mandy Benton"
1208;"Connie Holmes"
1209;"George Levy"
1210;"Edward Chaney"
1211;"Tyler Long"
1212;"Leslie Wood"
1213;"Tina Flores"
1214;"Bailey Thomas"
1215;"Cynthia Donovan"
1216;"Felicia Hampton"
1217;"Jason Yu"
1218;"Charles Morales"
1219;"Nicholas Greer"
1220;"Stephanie Dunn"
1221;"Tyler Larsen"
1222;"Richard Mcdonald"
1223;"Lori Walker"
1224;"Jack Stuart"
1225;"Elizabeth Garcia"
1226;"Ann Kelly"
1227;"Meghan Smith"
1228;"John Brennan"
1229;"Kevin Marquez"
1230;"Michael Vargas"
1231;"Morgan Lewis"
1232;"Emma Mosley"
